[
  {
    "value": "2% reduced fat milk",
    "synonyms": [
      "2% reduced fat milk"
    ]
  },
  {
    "value": "2% Milkfat Reduced Fat Milk",
    "synonyms": [
      "2% Milkfat Reduced Fat Milk"
    ]
  },
  {
    "value": "organic pasteurized juice",
    "synonyms": [
      "organic pasteurized juice"
    ]
  },
  {
    "value": "orange juice concentrate",
    "synonyms": [
      "orange juice concentrate"
    ]
  },
  {
    "value": "Pineapple Orange Juice",
    "synonyms": [
      "Pineapple Orange Juice"
    ]
  },
  {
    "value": "smoked polish sausage",
    "synonyms": [
      "smoked polish sausage"
    ]
  },
  {
    "value": "sparkling juice beverage",
    "synonyms": [
      "sparkling juice beverage"
    ]
  },
  {
    "value": "Original Pork Sausage",
    "synonyms": [
      "Original Pork Sausage"
    ]
  },
  {
    "value": "original sausage",
    "synonyms": [
      "original sausage"
    ]
  },
  {
    "value": "natural apple juice",
    "synonyms": [
      "natural apple juice"
    ]
  },
  {
    "value": "tea",
    "synonyms": [
      "tea"
    ]
  },
  {
    "value": "orange concentrate",
    "synonyms": [
      "orange concentrate"
    ]
  },
  {
    "value": "apple sparkling juice",
    "synonyms": [
      "apple sparkling juice"
    ]
  },
  {
    "value": "organic orange turmeric juice",
    "synonyms": [
      "organic orange turmeric juice"
    ]
  },
  {
    "value": "sandwich cookie",
    "synonyms": [
      "sandwich cookie"
    ]
  },
  {
    "value": "organic pasteurized apple juice",
    "synonyms": [
      "organic pasteurized apple juice"
    ]
  },
  {
    "value": "juice concentrate",
    "synonyms": [
      "juice concentrate"
    ]
  },
  {
    "value": "breakfast tea",
    "synonyms": [
      "breakfast tea"
    ]
  },
  {
    "value": "smoked sausage",
    "synonyms": [
      "smoked sausage"
    ]
  },
  {
    "value": "sencha green tea",
    "synonyms": [
      "sencha green tea"
    ]
  },
  {
    "value": "organic juice",
    "synonyms": [
      "organic juice"
    ]
  },
  {
    "value": "all natural apple juice",
    "synonyms": [
      "all natural apple juice"
    ]
  },
  {
    "value": "pasteurized juice",
    "synonyms": [
      "pasteurized juice"
    ]
  },
  {
    "value": "sausage",
    "synonyms": [
      "sausage"
    ]
  },
  {
    "value": "apple sparkling beverage",
    "synonyms": [
      "apple sparkling beverage"
    ]
  },
  {
    "value": "orange juice",
    "synonyms": [
      "orange juice"
    ]
  },
  {
    "value": "reduced fat milk",
    "synonyms": [
      "reduced fat milk"
    ]
  },
  {
    "value": "chocolate sandwich cookie",
    "synonyms": [
      "chocolate sandwich cookie"
    ]
  },
  {
    "value": "sparkling juice",
    "synonyms": [
      "sparkling juice"
    ]
  },
  {
    "value": "sencha shot japanese green tea",
    "synonyms": [
      "sencha shot japanese green tea"
    ]
  },
  {
    "value": "organic orange concentrate",
    "synonyms": [
      "organic orange concentrate"
    ]
  },
  {
    "value": "Organic Orange Juice Concentrate",
    "synonyms": [
      "Organic Orange Juice Concentrate"
    ]
  },
  {
    "value": "organic earl grey black Tea",
    "synonyms": [
      "organic earl grey black Tea"
    ]
  },
  {
    "value": "Peach Mango Juice",
    "synonyms": [
      "Peach Mango Juice"
    ]
  },
  {
    "value": "sencha japanese green tea",
    "synonyms": [
      "sencha japanese green tea"
    ]
  },
  {
    "value": "orange turmeric juice",
    "synonyms": [
      "orange turmeric juice"
    ]
  },
  {
    "value": "sencha japan green tea",
    "synonyms": [
      "sencha japan green tea"
    ]
  },
  {
    "value": "beverage",
    "synonyms": [
      "beverage"
    ]
  },
  {
    "value": "smoked rope sausage",
    "synonyms": [
      "smoked rope sausage"
    ]
  },
  {
    "value": "natural juice",
    "synonyms": [
      "natural juice"
    ]
  },
  {
    "value": "2% milkfat reduced fat milk",
    "synonyms": [
      "2% milkfat reduced fat milk"
    ]
  },
  {
    "value": "vanilla bean almond milk",
    "synonyms": [
      "vanilla bean almond milk"
    ]
  },
  {
    "value": "Chocolate Sandwich Cookies",
    "synonyms": [
      "Chocolate Sandwich Cookies"
    ]
  },
  {
    "value": "Organic Breakfast Blend Black Tea",
    "synonyms": [
      "Organic Breakfast Blend Black Tea"
    ]
  },
  {
    "value": "Vanilla Bean Almond Milk",
    "synonyms": [
      "Vanilla Bean Almond Milk"
    ]
  },
  {
    "value": "pineapple juice",
    "synonyms": [
      "pineapple juice"
    ]
  },
  {
    "value": "organic concentrate",
    "synonyms": [
      "organic concentrate"
    ]
  },
  {
    "value": "organic black tea",
    "synonyms": [
      "organic black tea"
    ]
  },
  {
    "value": "cookie",
    "synonyms": [
      "cookie"
    ]
  },
  {
    "value": "earl grey black tea",
    "synonyms": [
      "earl grey black tea"
    ]
  },
  {
    "value": "original pork sausage",
    "synonyms": [
      "original pork sausage"
    ]
  },
  {
    "value": "Organic Earl Grey Black Tea",
    "synonyms": [
      "Organic Earl Grey Black Tea"
    ]
  },
  {
    "value": "black tea",
    "synonyms": [
      "black tea"
    ]
  },
  {
    "value": "Apple Sparkling Juice Beverage",
    "synonyms": [
      "Apple Sparkling Juice Beverage"
    ]
  },
  {
    "value": "Smoked Polish Sausage",
    "synonyms": [
      "Smoked Polish Sausage"
    ]
  },
  {
    "value": "apple sparkling juice beverage",
    "synonyms": [
      "apple sparkling juice beverage"
    ]
  },
  {
    "value": "turkey sausage",
    "synonyms": [
      "turkey sausage"
    ]
  },
  {
    "value": "bean milk",
    "synonyms": [
      "bean milk"
    ]
  },
  {
    "value": "rope sausage",
    "synonyms": [
      "rope sausage"
    ]
  },
  {
    "value": "all natural 100% apple juice",
    "synonyms": [
      "all natural 100% apple juice"
    ]
  },
  {
    "value": "organic juice concentrate",
    "synonyms": [
      "organic juice concentrate"
    ]
  },
  {
    "value": "Sencha Shot Japanese Green Tea",
    "synonyms": [
      "Sencha Shot Japanese Green Tea"
    ]
  },
  {
    "value": "mango juice",
    "synonyms": [
      "mango juice"
    ]
  },
  {
    "value": "japanese green tea",
    "synonyms": [
      "japanese green tea"
    ]
  },
  {
    "value": "breakfast blend black tea",
    "synonyms": [
      "breakfast blend black tea"
    ]
  },
  {
    "value": "organic breakfast blend black tea",
    "synonyms": [
      "organic breakfast blend black tea"
    ]
  },
  {
    "value": "sparkling beverage",
    "synonyms": [
      "sparkling beverage"
    ]
  },
  {
    "value": "All Natural 100% Apple Juice",
    "synonyms": [
      "All Natural 100% Apple Juice"
    ]
  },
  {
    "value": "turmeric juice",
    "synonyms": [
      "turmeric juice"
    ]
  },
  {
    "value": "Organic Pasteurized Apple Juice",
    "synonyms": [
      "Organic Pasteurized Apple Juice"
    ]
  },
  {
    "value": "polish sausage",
    "synonyms": [
      "polish sausage"
    ]
  },
  {
    "value": "smoked turkey sausage",
    "synonyms": [
      "smoked turkey sausage"
    ]
  },
  {
    "value": "pork sausage",
    "synonyms": [
      "pork sausage"
    ]
  },
  {
    "value": "apple juice beverage",
    "synonyms": [
      "apple juice beverage"
    ]
  },
  {
    "value": "apple beverage",
    "synonyms": [
      "apple beverage"
    ]
  },
  {
    "value": "apple juice",
    "synonyms": [
      "apple juice"
    ]
  },
  {
    "value": "Smoked Turkey Rope Sausage",
    "synonyms": [
      "Smoked Turkey Rope Sausage"
    ]
  },
  {
    "value": "juice",
    "synonyms": [
      "juice"
    ]
  },
  {
    "value": "Organic Orange Turmeric Juice",
    "synonyms": [
      "Organic Orange Turmeric Juice"
    ]
  },
  {
    "value": "pasteurized apple juice",
    "synonyms": [
      "pasteurized apple juice"
    ]
  },
  {
    "value": "organic orange juice",
    "synonyms": [
      "organic orange juice"
    ]
  },
  {
    "value": "organic orange juice concentrate",
    "synonyms": [
      "organic orange juice concentrate"
    ]
  },
  {
    "value": "vanilla milk",
    "synonyms": [
      "vanilla milk"
    ]
  },
  {
    "value": "blend black tea",
    "synonyms": [
      "blend black tea"
    ]
  },
  {
    "value": "vanilla almond milk",
    "synonyms": [
      "vanilla almond milk"
    ]
  },
  {
    "value": "pineapple orange juice",
    "synonyms": [
      "pineapple orange juice"
    ]
  },
  {
    "value": "turkey rope sausage",
    "synonyms": [
      "turkey rope sausage"
    ]
  },
  {
    "value": "breakfast black tea",
    "synonyms": [
      "breakfast black tea"
    ]
  },
  {
    "value": "bean almond milk",
    "synonyms": [
      "bean almond milk"
    ]
  },
  {
    "value": "blend tea",
    "synonyms": [
      "blend tea"
    ]
  },
  {
    "value": "milk",
    "synonyms": [
      "milk"
    ]
  },
  {
    "value": "chocolate cookie",
    "synonyms": [
      "chocolate cookie"
    ]
  },
  {
    "value": "almond milk",
    "synonyms": [
      "almond milk"
    ]
  },
  {
    "value": "peach juice",
    "synonyms": [
      "peach juice"
    ]
  },
  {
    "value": "green tea",
    "synonyms": [
      "green tea"
    ]
  },
  {
    "value": "japan green tea",
    "synonyms": [
      "japan green tea"
    ]
  },
  {
    "value": "peach mango juice",
    "synonyms": [
      "peach mango juice"
    ]
  },
  {
    "value": "concentrate",
    "synonyms": [
      "concentrate"
    ]
  },
  {
    "value": "organic apple juice",
    "synonyms": [
      "organic apple juice"
    ]
  },
  {
    "value": "organic turmeric juice",
    "synonyms": [
      "organic turmeric juice"
    ]
  },
  {
    "value": "vanilla bean milk",
    "synonyms": [
      "vanilla bean milk"
    ]
  },
  {
    "value": "juice beverage",
    "synonyms": [
      "juice beverage"
    ]
  },
  {
    "value": "smoked turkey rope sausage",
    "synonyms": [
      "smoked turkey rope sausage"
    ]
  }
]