[
  {
    "id": "caaf41ac-a50f-4ee6-a0c7-869c553d2b8c",
    "data": [
      {
        "text": "I choose number ",
        "userDefined": false
      },
      {
        "text": "3",
        "alias": "number",
        "meta": "@sys.number",
        "userDefined": false
      }
    ],
    "isTemplate": false,
    "count": 0,
    "updated": 1532729333
  },
  {
    "id": "9ca4aac9-e452-4ba4-a1d1-527472bb9d55",
    "data": [
      {
        "text": "show me the ",
        "userDefined": false
      },
      {
        "text": "second",
        "alias": "number",
        "meta": "@sys.number",
        "userDefined": false
      },
      {
        "text": " one",
        "userDefined": false
      }
    ],
    "isTemplate": false,
    "count": 0,
    "updated": 1532729333
  },
  {
    "id": "050b8359-ed90-4335-9deb-ca91a5685b7f",
    "data": [
      {
        "text": "select the ",
        "userDefined": false
      },
      {
        "text": "first",
        "alias": "number",
        "meta": "@sys.number",
        "userDefined": false
      },
      {
        "text": " one",
        "userDefined": false
      }
    ],
    "isTemplate": false,
    "count": 0,
    "updated": 1532729333
  },
  {
    "id": "7c68cda0-553f-4d1f-afd8-faa66bb34acf",
    "data": [
      {
        "text": "second",
        "alias": "number",
        "meta": "@sys.number",
        "userDefined": false
      },
      {
        "text": " one",
        "userDefined": false
      }
    ],
    "isTemplate": false,
    "count": 0,
    "updated": 1532729333
  }
]