[
  {
    "id": "d636d331-92e2-4879-8abd-d5096e4dc7c7",
    "data": [
      {
        "text": "I want buy ",
        "userDefined": false
      },
      {
        "text": "three",
        "alias": "number-integer",
        "meta": "@sys.number-integer",
        "userDefined": true
      },
      {
        "text": " ",
        "userDefined": false
      },
      {
        "text": "Apple Sparkling Juice Beverage",
        "alias": "product_name_synonyms",
        "meta": "@product_name_synonyms",
        "userDefined": false
      }
    ],
    "isTemplate": false,
    "count": 0,
    "updated": 1532049519
  },
  {
    "id": "6b721959-bc8c-4cb8-bda1-881cbe873ba0",
    "data": [
      {
        "text": "Do you have ",
        "userDefined": false
      },
      {
        "text": "organic earl grey black Tea",
        "alias": "product_name_synonyms",
        "meta": "@product_name_synonyms",
        "userDefined": false
      }
    ],
    "isTemplate": false,
    "count": 0,
    "updated": 1532049519
  },
  {
    "id": "23a865c2-1506-472f-9a97-5e6c4e026924",
    "data": [
      {
        "text": "sausage",
        "alias": "product_name_synonyms",
        "meta": "@product_name_synonyms",
        "userDefined": false
      },
      {
        "text": " please",
        "userDefined": false
      }
    ],
    "isTemplate": false,
    "count": 0,
    "updated": 1532049519
  },
  {
    "id": "334cd78a-da84-467b-9d0a-15d4a31497f8",
    "data": [
      {
        "text": "two",
        "alias": "number-integer",
        "meta": "@sys.number-integer",
        "userDefined": false
      },
      {
        "text": " bottle ",
        "userDefined": false
      },
      {
        "text": "tea",
        "alias": "product_name_synonyms",
        "meta": "@product_name_synonyms",
        "userDefined": false
      },
      {
        "text": ", please",
        "userDefined": false
      }
    ],
    "isTemplate": false,
    "count": 0,
    "updated": 1532049519
  },
  {
    "id": "c4d12df8-c4d1-4f8d-9b6d-e696c938aa00",
    "data": [
      {
        "text": "give me ",
        "userDefined": false
      },
      {
        "text": "five",
        "alias": "number-integer",
        "meta": "@sys.number-integer",
        "userDefined": false
      },
      {
        "text": " bag ",
        "userDefined": false
      },
      {
        "text": "juice",
        "alias": "product_name_synonyms",
        "meta": "@product_name_synonyms",
        "userDefined": false
      }
    ],
    "isTemplate": false,
    "count": 0,
    "updated": 1532049519
  },
  {
    "id": "39a4ee13-4e3e-48f1-8adb-63f305446f28",
    "data": [
      {
        "text": "I\u0027d like ",
        "userDefined": false
      },
      {
        "text": "two",
        "alias": "number-integer",
        "meta": "@sys.number-integer",
        "userDefined": false
      },
      {
        "text": " unit ",
        "userDefined": false
      },
      {
        "text": "almond milk",
        "alias": "product_name_synonyms",
        "meta": "@product_name_synonyms",
        "userDefined": false
      }
    ],
    "isTemplate": false,
    "count": 0,
    "updated": 1532049519
  },
  {
    "id": "f6a01389-0770-48a6-917d-ebfdbde5b8d3",
    "data": [
      {
        "text": "I want ",
        "userDefined": false
      },
      {
        "text": "four",
        "alias": "number-integer",
        "meta": "@sys.number-integer",
        "userDefined": false
      },
      {
        "text": " ",
        "userDefined": false
      },
      {
        "text": "original sausage",
        "alias": "product_name_synonyms",
        "meta": "@product_name_synonyms",
        "userDefined": false
      }
    ],
    "isTemplate": false,
    "count": 0,
    "updated": 1532049519
  },
  {
    "id": "d4833a67-21d7-468c-b61f-2ab64cfbc868",
    "data": [
      {
        "text": "10",
        "alias": "number-integer",
        "meta": "@sys.number-integer",
        "userDefined": true
      },
      {
        "text": " more ",
        "userDefined": false
      },
      {
        "text": "reduced fat milk",
        "alias": "product_name_synonyms",
        "meta": "@product_name_synonyms",
        "userDefined": false
      }
    ],
    "isTemplate": false,
    "count": 0,
    "updated": 1532049519
  },
  {
    "id": "3a6bdb1c-76e1-44e2-a832-a37c36b42f8b",
    "data": [
      {
        "text": "three",
        "alias": "number-integer",
        "meta": "@sys.number-integer",
        "userDefined": false
      },
      {
        "text": " ",
        "userDefined": false
      },
      {
        "text": "chocolate cookies",
        "alias": "product_name_synonyms",
        "meta": "@product_name_synonyms",
        "userDefined": false
      }
    ],
    "isTemplate": false,
    "count": 0,
    "updated": 1532049519
  },
  {
    "id": "24ab0e1b-354d-4c84-a143-ca0b2b8eba04",
    "data": [
      {
        "text": "add ",
        "userDefined": false
      },
      {
        "text": "breakfast tea",
        "alias": "product_name_synonyms",
        "meta": "@product_name_synonyms",
        "userDefined": false
      }
    ],
    "isTemplate": false,
    "count": 0,
    "updated": 1532049519
  },
  {
    "id": "a098c808-ea99-47e0-84a2-ebd91f6e8d61",
    "data": [
      {
        "text": "buy ",
        "userDefined": false
      },
      {
        "text": "one",
        "alias": "number-integer",
        "meta": "@sys.number-integer",
        "userDefined": false
      },
      {
        "text": " ",
        "userDefined": false
      },
      {
        "text": "green tea",
        "alias": "product_name_synonyms",
        "meta": "@product_name_synonyms",
        "userDefined": false
      }
    ],
    "isTemplate": false,
    "count": 0,
    "updated": 1532049519
  },
  {
    "id": "c9263e46-f230-441d-904a-ce5cc86771f9",
    "data": [
      {
        "text": "add ",
        "userDefined": false
      },
      {
        "text": "5",
        "alias": "number-integer",
        "meta": "@sys.number-integer",
        "userDefined": false
      },
      {
        "text": " ",
        "userDefined": false
      },
      {
        "text": "smoked turkey rope sausage",
        "alias": "product_name_synonyms",
        "meta": "@product_name_synonyms",
        "userDefined": false
      }
    ],
    "isTemplate": false,
    "count": 0,
    "updated": 1532049519
  },
  {
    "id": "c3f32e92-173f-46b4-ba68-5b8730e0743e",
    "data": [
      {
        "text": "add ",
        "userDefined": false
      },
      {
        "text": "2",
        "alias": "number-integer",
        "meta": "@sys.number-integer",
        "userDefined": false
      },
      {
        "text": " bottle ",
        "userDefined": false
      },
      {
        "text": "milk",
        "alias": "product_name_synonyms",
        "meta": "@product_name_synonyms",
        "userDefined": false
      },
      {
        "text": " to the cart",
        "userDefined": false
      }
    ],
    "isTemplate": false,
    "count": 0,
    "updated": 1532049519
  },
  {
    "id": "83cba963-f888-485d-9da1-54320a346cae",
    "data": [
      {
        "text": "add ",
        "userDefined": false
      },
      {
        "text": "three",
        "alias": "number-integer",
        "meta": "@sys.number-integer",
        "userDefined": false
      },
      {
        "text": " ",
        "userDefined": false
      },
      {
        "text": "milk",
        "alias": "product_name_synonyms",
        "meta": "@product_name_synonyms",
        "userDefined": false
      },
      {
        "text": " to my cart",
        "userDefined": false
      }
    ],
    "isTemplate": false,
    "count": 0,
    "updated": 1532049519
  }
]