[
  {
    "id": "b47bf239-b7d7-4530-8706-d1f1584892ed",
    "data": [
      {
        "text": "May I have the ",
        "userDefined": false
      },
      {
        "text": "bill",
        "meta": "@sys.ignore",
        "userDefined": false
      }
    ],
    "isTemplate": false,
    "count": 1,
    "updated": 1532117985
  },
  {
    "id": "12806602-1d0f-45b2-a601-364daf6a8be7",
    "data": [
      {
        "text": "The bill, please",
        "userDefined": false
      }
    ],
    "isTemplate": false,
    "count": 1,
    "updated": 1532117985
  },
  {
    "id": "1ce62876-9709-4465-9810-41ed857b2ca0",
    "data": [
      {
        "text": "I\u0027d like the bill, please",
        "userDefined": false
      }
    ],
    "isTemplate": false,
    "count": 0,
    "updated": 1532117985
  },
  {
    "id": "f68fde45-beae-466d-8c1a-4baa3423386b",
    "data": [
      {
        "text": "Check me out",
        "userDefined": false
      }
    ],
    "isTemplate": false,
    "count": 0,
    "updated": 1532117985
  },
  {
    "id": "85487020-8687-488b-bee8-533b10483a36",
    "data": [
      {
        "text": "How much in total?",
        "userDefined": false
      }
    ],
    "isTemplate": false,
    "count": 0,
    "updated": 1532117985
  },
  {
    "id": "0cf49af6-560c-410f-9dd2-5bc07aedb5de",
    "data": [
      {
        "text": "I want pay now",
        "userDefined": false
      }
    ],
    "isTemplate": false,
    "count": 0,
    "updated": 1532117985
  },
  {
    "id": "231b9ab2-6305-4826-a798-d098fc9c9d9d",
    "data": [
      {
        "text": "Check out, please",
        "userDefined": false
      }
    ],
    "isTemplate": false,
    "count": 0,
    "updated": 1532117985
  },
  {
    "id": "b2e18137-f5cd-49c2-9310-8cfa9d40ebe1",
    "data": [
      {
        "text": "Check. please.",
        "userDefined": false
      }
    ],
    "isTemplate": false,
    "count": 0,
    "updated": 1532117985
  },
  {
    "id": "bee0c2cd-bdb0-4542-93f7-c57aeef23b0f",
    "data": [
      {
        "text": "Bill",
        "meta": "@sys.ignore",
        "userDefined": false
      },
      {
        "text": ", please.",
        "userDefined": false
      }
    ],
    "isTemplate": false,
    "count": 0,
    "updated": 1532117985
  },
  {
    "id": "f25362d2-6e49-4210-88e6-109f7a1c8a49",
    "data": [
      {
        "text": "Could I have the check, please?",
        "userDefined": false
      }
    ],
    "isTemplate": false,
    "count": 0,
    "updated": 1532117985
  },
  {
    "id": "e73eeeda-3d75-4248-9d13-f4d3e5b7943d",
    "data": [
      {
        "text": "Would you please bring me the check?",
        "userDefined": false
      }
    ],
    "isTemplate": false,
    "count": 0,
    "updated": 1532117985
  },
  {
    "id": "ea55f3af-f71e-4958-a7f1-7d25dde036cf",
    "data": [
      {
        "text": "Can I have the bill, please?",
        "userDefined": false
      }
    ],
    "isTemplate": false,
    "count": 0,
    "updated": 1532117985
  },
  {
    "id": "4ea0128a-6576-47ba-9638-4ec683ced2a0",
    "data": [
      {
        "text": "I\u0027d like to check out",
        "userDefined": false
      }
    ],
    "isTemplate": false,
    "count": 0,
    "updated": 1532117985
  },
  {
    "id": "8c761957-5ff1-4b1c-8b0d-3a08434b9e04",
    "data": [
      {
        "text": "Check out now",
        "userDefined": false
      }
    ],
    "isTemplate": false,
    "count": 0,
    "updated": 1532117985
  }
]