[
  {
    "id": "73708b3e-4d1b-4c6a-a821-5bdaf7f6e76d",
    "data": [
      {
        "text": "I want stop now",
        "userDefined": false
      }
    ],
    "isTemplate": false,
    "count": 0,
    "updated": 1531352117
  },
  {
    "id": "a64ce3f3-c079-451f-b5a1-4ab536fc778e",
    "data": [
      {
        "text": "I want exit now",
        "userDefined": false
      }
    ],
    "isTemplate": false,
    "count": 0,
    "updated": 1531352117
  },
  {
    "id": "6c06632f-eab4-4026-8c9b-f2472bf66c2f",
    "data": [
      {
        "text": "exit shopping",
        "userDefined": false
      }
    ],
    "isTemplate": false,
    "count": 0,
    "updated": 1531352117
  },
  {
    "id": "2408409f-d750-4ca5-96eb-d8a5d97f4dee",
    "data": [
      {
        "text": "quit shopping",
        "userDefined": false
      }
    ],
    "isTemplate": false,
    "count": 0,
    "updated": 1531352117
  },
  {
    "id": "f9d7d5dd-765c-4b1e-bc27-2bf1621f4546",
    "data": [
      {
        "text": "stop shopping",
        "userDefined": false
      }
    ],
    "isTemplate": false,
    "count": 0,
    "updated": 1531352117
  },
  {
    "id": "92c8a697-3f94-4bdf-b306-74028fed2d24",
    "data": [
      {
        "text": "stop, now",
        "userDefined": false
      }
    ],
    "isTemplate": false,
    "count": 0,
    "updated": 1531352117
  },
  {
    "id": "5b30ea12-5660-4c0a-91dc-ecd78bba072d",
    "data": [
      {
        "text": "quit, now",
        "userDefined": false
      }
    ],
    "isTemplate": false,
    "count": 0,
    "updated": 1531352117
  },
  {
    "id": "fcf5e29e-69b2-4a5a-946f-07764f8fb2f7",
    "data": [
      {
        "text": "quit",
        "userDefined": false
      }
    ],
    "isTemplate": false,
    "count": 0,
    "updated": 1531352117
  },
  {
    "id": "af9ad73c-1808-4ec1-9c6b-df0359d39711",
    "data": [
      {
        "text": "exit, now",
        "userDefined": false
      }
    ],
    "isTemplate": false,
    "count": 0,
    "updated": 1531352117
  },
  {
    "id": "d5d698a2-13d2-469f-832c-4a03dba8e89e",
    "data": [
      {
        "text": "exit",
        "userDefined": false
      }
    ],
    "isTemplate": false,
    "count": 0,
    "updated": 1531352117
  }
]