[
  {
    "id": "0b144db8-57ed-4a24-9ed1-a81fe81ad7f1",
    "data": [
      {
        "text": "How are you",
        "userDefined": false
      }
    ],
    "isTemplate": false,
    "count": 0,
    "updated": 1531350977
  },
  {
    "id": "b025f18e-dec5-4cd7-9a71-d58514573f26",
    "data": [
      {
        "text": "how\u0027re you doing?",
        "userDefined": false
      }
    ],
    "isTemplate": false,
    "count": 0,
    "updated": 1531350977
  },
  {
    "id": "ada77f1c-d2db-4b9a-90ec-218b382f277d",
    "data": [
      {
        "text": "how\u0027s it going",
        "userDefined": false
      }
    ],
    "isTemplate": false,
    "count": 0,
    "updated": 1531350977
  },
  {
    "id": "b1ad48df-e25b-417a-bb75-0ab584d489a5",
    "data": [
      {
        "text": "What\u0027s up?",
        "userDefined": false
      }
    ],
    "isTemplate": false,
    "count": 0,
    "updated": 1531350977
  },
  {
    "id": "52edfa3e-d09f-4756-875e-ecf8c5b2a116",
    "data": [
      {
        "text": "how is it going",
        "userDefined": false
      }
    ],
    "isTemplate": false,
    "count": 0,
    "updated": 1531350977
  },
  {
    "id": "caa0690f-92ea-4f55-b8dd-75a35ab3d143",
    "data": [
      {
        "text": "how you doing",
        "userDefined": false
      }
    ],
    "isTemplate": false,
    "count": 0,
    "updated": 1531350977
  },
  {
    "id": "5a8b554a-1dae-4207-a9b8-3ba2d6df0613",
    "data": [
      {
        "text": "hi",
        "userDefined": false
      }
    ],
    "isTemplate": false,
    "count": 0,
    "updated": 1531350977
  },
  {
    "id": "2fc8e5ad-dd9e-41c0-bf6d-bac5f9329aa6",
    "data": [
      {
        "text": "hello",
        "userDefined": false
      }
    ],
    "isTemplate": false,
    "count": 0,
    "updated": 1531350977
  },
  {
    "id": "3935ee67-6898-486f-afc9-ab82f01b12ae",
    "data": [
      {
        "text": "hi there",
        "userDefined": false
      }
    ],
    "isTemplate": false,
    "count": 1,
    "updated": 1531350977
  },
  {
    "id": "1987c81a-dbce-4979-b53b-4460ba3d52d8",
    "data": [
      {
        "text": "Good ",
        "userDefined": false
      },
      {
        "text": "Afternoon",
        "alias": "time-period",
        "meta": "@sys.time-period",
        "userDefined": false
      }
    ],
    "isTemplate": false,
    "count": 0,
    "updated": 1531350977
  },
  {
    "id": "72f52379-6c95-4165-a161-6be974d41c5f",
    "data": [
      {
        "text": "Morning",
        "alias": "time-period",
        "meta": "@sys.time-period",
        "userDefined": false
      }
    ],
    "isTemplate": false,
    "count": 0,
    "updated": 1531350977
  },
  {
    "id": "4eb8fa14-51ac-4979-b59e-378aca5db13a",
    "data": [
      {
        "text": "Good morning!",
        "userDefined": false
      }
    ],
    "isTemplate": false,
    "count": 0,
    "updated": 1531350977
  },
  {
    "id": "336c4081-cdd3-4fcf-8704-0b958b6efc25",
    "data": [
      {
        "text": "just going to say hi",
        "userDefined": false
      }
    ],
    "isTemplate": false,
    "count": 0,
    "updated": 1531350977
  },
  {
    "id": "a8f82981-2119-4081-b96c-4c69e0570ffd",
    "data": [
      {
        "text": "heya",
        "userDefined": false
      }
    ],
    "isTemplate": false,
    "count": 0,
    "updated": 1531350977
  },
  {
    "id": "0296f3fe-470f-45df-a7de-304e6c8c378a",
    "data": [
      {
        "text": "hello hi",
        "userDefined": false
      }
    ],
    "isTemplate": false,
    "count": 0,
    "updated": 1531350977
  },
  {
    "id": "8cb792e5-e0f2-443e-a02a-9b035bec54dc",
    "data": [
      {
        "text": "howdy",
        "userDefined": false
      }
    ],
    "isTemplate": false,
    "count": 0,
    "updated": 1531350977
  },
  {
    "id": "fae2603b-6b54-48a6-a570-923818a4c8e8",
    "data": [
      {
        "text": "hey there",
        "userDefined": false
      }
    ],
    "isTemplate": false,
    "count": 1,
    "updated": 1531350977
  },
  {
    "id": "0db03ff6-e04e-41f8-9aab-5cb7abbac0bf",
    "data": [
      {
        "text": "greetings",
        "userDefined": false
      }
    ],
    "isTemplate": false,
    "count": 0,
    "updated": 1531350977
  },
  {
    "id": "3d9b3131-e887-43d2-bcd3-d2b04f8988cd",
    "data": [
      {
        "text": "hey",
        "userDefined": false
      }
    ],
    "isTemplate": false,
    "count": 0,
    "updated": 1531350977
  },
  {
    "id": "1acd21bf-c7f0-4ef3-9d06-73e0630285bb",
    "data": [
      {
        "text": "long time no see",
        "userDefined": false
      }
    ],
    "isTemplate": false,
    "count": 1,
    "updated": 1531350977
  },
  {
    "id": "56e1ffd9-c114-4e88-9d0f-22d7256b52ce",
    "data": [
      {
        "text": "lovely day isn\u0027t it",
        "userDefined": false
      }
    ],
    "isTemplate": false,
    "count": 0,
    "updated": 1531350977
  },
  {
    "id": "d86995e7-c2f4-412c-9e90-0360a978d71c",
    "data": [
      {
        "text": "I greet you",
        "userDefined": false
      }
    ],
    "isTemplate": false,
    "count": 0,
    "updated": 1531350977
  },
  {
    "id": "22601eae-7966-49ed-8253-5c73c36ab021",
    "data": [
      {
        "text": "hello again",
        "userDefined": false
      }
    ],
    "isTemplate": false,
    "count": 1,
    "updated": 1531350977
  },
  {
    "id": "24817af1-52d6-4670-8944-353239a4c108",
    "data": [
      {
        "text": "hello there",
        "userDefined": false
      }
    ],
    "isTemplate": false,
    "count": 0,
    "updated": 1531350977
  },
  {
    "id": "e7dc1704-4bfd-4cdb-9383-c72ac0d2a172",
    "data": [
      {
        "text": "a good day",
        "userDefined": false
      }
    ],
    "isTemplate": false,
    "count": 0,
    "updated": 1531350977
  }
]