[
  {
    "id": "b2f029d8-3c58-47d1-929e-036789003430",
    "data": [
      {
        "text": "do me a favour",
        "userDefined": false
      }
    ],
    "isTemplate": false,
    "count": 1,
    "updated": 1531350601
  },
  {
    "id": "320318b7-361e-48e2-88ad-5dd5980c6fd3",
    "data": [
      {
        "text": "give me a hand",
        "userDefined": false
      }
    ],
    "isTemplate": false,
    "count": 0,
    "updated": 1531350601
  },
  {
    "id": "2b523880-9919-4c9c-bd7c-0657caf6151f",
    "data": [
      {
        "text": "help",
        "userDefined": false
      }
    ],
    "isTemplate": false,
    "count": 0,
    "updated": 1531350601
  },
  {
    "id": "6172b836-f4d2-4ed8-8075-8b29223c6f62",
    "data": [
      {
        "text": "help me",
        "userDefined": false
      }
    ],
    "isTemplate": false,
    "count": 0,
    "updated": 1531350601
  },
  {
    "id": "22794344-d05a-4cb2-b889-ee42f786b409",
    "data": [
      {
        "text": "prompt",
        "userDefined": false
      }
    ],
    "isTemplate": false,
    "count": 0,
    "updated": 1531350601
  },
  {
    "id": "3edb56ad-4911-41f8-82ba-fb4c8c1964b5",
    "data": [
      {
        "text": "show me the prompt",
        "userDefined": false
      }
    ],
    "isTemplate": false,
    "count": 0,
    "updated": 1531350601
  },
  {
    "id": "b0bf9bed-e4f6-4435-959f-64185b576fef",
    "data": [
      {
        "text": "Would you please give me a hand?",
        "userDefined": false
      }
    ],
    "isTemplate": false,
    "count": 0,
    "updated": 1531350601
  },
  {
    "id": "5de0eb4c-223f-4b20-83bd-dc3688185c19",
    "data": [
      {
        "text": "Would you please do me a favour?",
        "userDefined": false
      }
    ],
    "isTemplate": false,
    "count": 0,
    "updated": 1531350601
  },
  {
    "id": "52acb972-f5c2-410b-b846-39afc3e1de93",
    "data": [
      {
        "text": "Can you help me?",
        "userDefined": false
      }
    ],
    "isTemplate": false,
    "count": 0,
    "updated": 1531350601
  },
  {
    "id": "09a7a6d3-9d56-4ada-bf1c-fe9bb3a3c3e1",
    "data": [
      {
        "text": "I need some help",
        "userDefined": false
      }
    ],
    "isTemplate": false,
    "count": 0,
    "updated": 1531350601
  },
  {
    "id": "50a5d33f-cc2f-4623-b3bb-2e907ea3cfa2",
    "data": [
      {
        "text": "Could you help me how to shopping?",
        "userDefined": false
      }
    ],
    "isTemplate": false,
    "count": 0,
    "updated": 1531350601
  },
  {
    "id": "55a2054d-3bc6-40bf-a29e-18a7e2cd1f3f",
    "data": [
      {
        "text": "I need help now",
        "userDefined": false
      }
    ],
    "isTemplate": false,
    "count": 0,
    "updated": 1531350601
  }
]