[
  {
    "id": "3321e85e-0243-43e3-bfb6-4a5ed2662e05",
    "data": [
      {
        "text": "I choose number ",
        "userDefined": false
      },
      {
        "text": "3",
        "alias": "number",
        "meta": "@sys.number",
        "userDefined": false
      }
    ],
    "isTemplate": false,
    "count": 0,
    "updated": 1532729279
  },
  {
    "id": "2940ebc9-c2f8-4790-9b51-b59941e42791",
    "data": [
      {
        "text": "show me the ",
        "userDefined": false
      },
      {
        "text": "second",
        "alias": "number",
        "meta": "@sys.number",
        "userDefined": false
      },
      {
        "text": " one",
        "userDefined": false
      }
    ],
    "isTemplate": false,
    "count": 0,
    "updated": 1532729279
  },
  {
    "id": "5b0b9a08-3d7d-4f4e-84aa-cf16d3b70105",
    "data": [
      {
        "text": "select the ",
        "userDefined": false
      },
      {
        "text": "first",
        "alias": "number",
        "meta": "@sys.number",
        "userDefined": false
      },
      {
        "text": " one",
        "userDefined": false
      }
    ],
    "isTemplate": false,
    "count": 0,
    "updated": 1532729279
  },
  {
    "id": "85ebb286-535b-46bc-8f66-d85134de456d",
    "data": [
      {
        "text": "second",
        "alias": "number",
        "meta": "@sys.number",
        "userDefined": false
      },
      {
        "text": " one",
        "userDefined": false
      }
    ],
    "isTemplate": false,
    "count": 0,
    "updated": 1532729279
  }
]