[
  {
    "id": "5aca5d23-cd0d-444e-acd7-65c1e5fca870",
    "data": [
      {
        "text": "Could you remove ",
        "userDefined": false
      },
      {
        "text": "one",
        "alias": "number-integer",
        "meta": "@sys.number-integer",
        "userDefined": false
      },
      {
        "text": " unit ",
        "userDefined": false
      },
      {
        "text": "juice beverage",
        "alias": "product_name_synonyms",
        "meta": "@product_name_synonyms",
        "userDefined": false
      },
      {
        "text": "?",
        "userDefined": false
      }
    ],
    "isTemplate": false,
    "count": 0,
    "updated": 1532653914
  },
  {
    "id": "56de0b47-18a0-49b7-8983-1e81136febe2",
    "data": [
      {
        "text": "delete ",
        "userDefined": false
      },
      {
        "text": "two",
        "alias": "number-integer",
        "meta": "@sys.number-integer",
        "userDefined": true
      },
      {
        "text": " ",
        "userDefined": false
      },
      {
        "text": "rope sausage",
        "alias": "product_name_synonyms",
        "meta": "@product_name_synonyms",
        "userDefined": false
      },
      {
        "text": " from the cart",
        "userDefined": false
      }
    ],
    "isTemplate": false,
    "count": 0,
    "updated": 1532653914
  },
  {
    "id": "6e86e45b-70c0-4bfb-87fb-e791b28ae26f",
    "data": [
      {
        "text": "remove ",
        "userDefined": false
      },
      {
        "text": "three",
        "alias": "number-integer",
        "meta": "@sys.number-integer",
        "userDefined": true
      },
      {
        "text": " bottle  ",
        "userDefined": false
      },
      {
        "text": "almond milk",
        "alias": "product_name_synonyms",
        "meta": "@product_name_synonyms",
        "userDefined": false
      }
    ],
    "isTemplate": false,
    "count": 0,
    "updated": 1532653914
  }
]