[
  {
    "id": "a0bce3b7-dd27-4a4b-a8a3-fa354e0bdc90",
    "data": [
      {
        "text": "I choose number ",
        "userDefined": false
      },
      {
        "text": "3",
        "alias": "number",
        "meta": "@sys.number",
        "userDefined": false
      }
    ],
    "isTemplate": false,
    "count": 0,
    "updated": 1532729226
  },
  {
    "id": "b765cf69-18c5-40f8-8fa7-80d1fec13af2",
    "data": [
      {
        "text": "show me the ",
        "userDefined": false
      },
      {
        "text": "second",
        "alias": "number",
        "meta": "@sys.number",
        "userDefined": false
      },
      {
        "text": " one",
        "userDefined": false
      }
    ],
    "isTemplate": false,
    "count": 0,
    "updated": 1532729226
  },
  {
    "id": "51d22b3c-ed8f-48a8-9d3b-9003e56dc78b",
    "data": [
      {
        "text": "select the ",
        "userDefined": false
      },
      {
        "text": "first",
        "alias": "number",
        "meta": "@sys.number",
        "userDefined": false
      },
      {
        "text": " one",
        "userDefined": false
      }
    ],
    "isTemplate": false,
    "count": 0,
    "updated": 1532729226
  },
  {
    "id": "93408422-9a60-423c-b21d-68cb110765e7",
    "data": [
      {
        "text": "second",
        "alias": "number",
        "meta": "@sys.number",
        "userDefined": false
      },
      {
        "text": " one",
        "userDefined": false
      }
    ],
    "isTemplate": false,
    "count": 0,
    "updated": 1532729226
  }
]