[
  {
    "id": "f379eff7-53d3-4765-bf41-05d7d1f8646f",
    "data": [
      {
        "text": "show the cart",
        "userDefined": false
      }
    ],
    "isTemplate": false,
    "count": 0,
    "updated": 1531354240
  },
  {
    "id": "a69fe5e0-af18-4199-8402-7b38267ad24b",
    "data": [
      {
        "text": "show me the cart",
        "userDefined": false
      }
    ],
    "isTemplate": false,
    "count": 0,
    "updated": 1531354240
  },
  {
    "id": "3883b523-7dcd-412f-9f31-95343e6de74b",
    "data": [
      {
        "text": "What\u0027s my cart now?",
        "userDefined": false
      }
    ],
    "isTemplate": false,
    "count": 0,
    "updated": 1531354240
  },
  {
    "id": "b16b0c81-50e1-4919-98c4-4aabb328a3d7",
    "data": [
      {
        "text": "What did I buy",
        "userDefined": false
      }
    ],
    "isTemplate": false,
    "count": 0,
    "updated": 1531354240
  },
  {
    "id": "174769eb-8d29-46b4-88b8-e0dbcd636a58",
    "data": [
      {
        "text": "list the cart",
        "userDefined": false
      }
    ],
    "isTemplate": false,
    "count": 1,
    "updated": 1531354240
  },
  {
    "id": "ff6522b3-dbe8-4613-914a-595f1125422d",
    "data": [
      {
        "text": "display the cart",
        "userDefined": false
      }
    ],
    "isTemplate": false,
    "count": 0,
    "updated": 1531354240
  },
  {
    "id": "569b2863-cfb2-41d2-9ea4-205bc8ef0a2a",
    "data": [
      {
        "text": "list all the item in the cart",
        "userDefined": false
      }
    ],
    "isTemplate": false,
    "count": 0,
    "updated": 1531354240
  },
  {
    "id": "57ae2714-8e1c-4a30-bc7b-cab8e0c6f50a",
    "data": [
      {
        "text": "show all the items in my cart",
        "userDefined": false
      }
    ],
    "isTemplate": false,
    "count": 0,
    "updated": 1531354240
  },
  {
    "id": "728d37c3-ac2a-4bee-9892-520b14483a5f",
    "data": [
      {
        "text": "what have I bought",
        "userDefined": false
      }
    ],
    "isTemplate": false,
    "count": 0,
    "updated": 1531354240
  },
  {
    "id": "03acec4e-9d83-4c6f-86e4-13ad4131a123",
    "data": [
      {
        "text": "my cart",
        "userDefined": false
      }
    ],
    "isTemplate": false,
    "count": 0,
    "updated": 1531354240
  },
  {
    "id": "59fa82ea-6051-4be6-9c38-529fe952187c",
    "data": [
      {
        "text": "show me my cart",
        "userDefined": false
      }
    ],
    "isTemplate": false,
    "count": 0,
    "updated": 1531354240
  }
]